title,sentiment
Chinese Companies Rush to Put DeepSeek in Everything,Neutral
"Three years later, the Steam Deck has dominated handheld PC gaming",Neutral
Is Tesla cooked?,Neutral
Don't call it a recession — but bad vibes are back in a big way,Negative
U.S. stock market plunge as Trump's tariffs spark fears about a trade war,Neutral
Here's when the stock market sell-off could force Trump to drop his trade war,Neutral
8 tech titans suffer $266 billion wealth wipeout as Trump spooks the stock market,Neutral
Treasury Secretary Scott Bessent says he can't rule out the possibility of a recession,Neutral
"Stock markets fall over tariff concerns. And, fentanyl deaths drop in every state",Neutral
The United States of Elon Musk Inc.,Neutral
Sacramento woman stuns Ramsey Show co-hosts with story of how she turned $1K into $380K with just 1 stock.,Neutral
U.S. stock market crash: Make sure you buy some of these quality stocks,Positive
Trump Family’s DeFi Project Stocked Up on Crypto Assets Ahead of White House Crypto Summit,Neutral
"Why Paul Singer, the octogenarian founder of $72 billion Elliott Management, does not have fun at work",Positive
Top 3 Dividend Stocks To Enhance Your Portfolio,Positive
"This is the Magnificent 7 stock to buy on the dip, strategist says",Positive
You'll soon be able to trade 24 hours a day during the week if Nasdaq gets its way,Positive
"Tesla's latest decline could be one for the history books, JPMorgan analysts say",Positive
Fresh jobs report to offer snapshot of US economy under Trump,Positive
Stocks are sinking. This time Trump's team doesn't care.,Neutral
Cooler inflation isn't enough to save stocks from fresh tariff threats,Positive
Stock market today: Asian shares sag as worries over US-China trade weigh on outlook for the region,Neutral
Stock Market Correction: Here Are My Top 5 Stocks That Could Soar By The End of 2025,Positive
"Why a longtime bull is antsy about stocks, weeks after saying market weakness was a buying opportunity",Neutral
A top 3% fund manager warns a 'multi-year bear market' is coming with stocks in the biggest momentum swing of his 45-year career,Positive
India's richest man is giving Elon Musk's Starlink a big boost,Neutral
"Johnson, House GOP dismiss market turmoil in defending Trump tariff policies",Neutral
'Shark Tank' star Kevin O'Leary says it's a good time to buy stocks — and doesn't see a recession yet,Positive
Elon Musk's slice of SpaceX is now worth $43 billion more than his Tesla stake,Positive
President Trump wants to buy a Tesla. We have some advice for him on which to choose.,Positive
Older Americans watching their retirement investments fluctuate under Trump: 'I hope he knows what he's doing.',Positive
Will Tomorrow's Fed Decision Matter for Mortgage Rates? It's Complicated,Negative
Is the US really heading into a recession?,Positive
Elon Musk's net worth dropped $29 billion in one day as Tesla stock tanks,Positive
"Merck & Co., Inc. (MRK) Among The Best Cheap Dividend Stock To Buy Right Now",Positive
What record levels of uncertainty mean for the stock market,Negative
Options traders are bracing for a stock-market crash,Neutral
The White House's promotion of Tesla's stock is an ethics nightmare — and it's not even working,Neutral
Tesla's stock slump is driving Wall Street crazy — but not Elon Musk's employees,Negative
Are options signaling the market stability to come?,Neutral
Is Taiwan Semiconductor Manufacturing Company Limited (TSM) the Tech Stock with High Upside Potential?,Positive
It's crunch time for Tesla,Neutral
Retirement and investing under Trump 2.0: Financial advisors say 'don't panic',Neutral
Trump’s tariffs on lumber come at a terrible time for the U.S. housing market. Here’s why,Negative
Apple is becoming a utility. That's hard for fanboys to take.,Positive
She took down Intel. Now AMD's CEO has a new miracle to perform.,Negative
Inside the stock contest a $23 billion hedge fund uses to recruit interns,Neutral
Pinterest jumps on Guggenheim upgrade to Buy from Neutral,Neutral
Energy Transfer LP (ET) Suffers a Larger Drop Than the General Market: Key Insights,Negative
"Consumer sentiment sours amid trade war, recession fears: Survey",Neutral
The stock market's fate all depends on tariffs,Neutral
Stock investors had better hope these Americans keep propping up the economy,Positive
"Tesla 'armageddon,' a 'legion' of Optimus robots, and no mention of DOGE: 5 takeaways from Elon Musk's livestream",Neutral
What Nvidia’s market valuation says about where the stock will be in 5 years,Neutral
"AMD Unleashes the Radeon RX 9070 GPUs, With the 9070 XT at $600",Neutral
PayPal Holdings (PYPL): Among the Most Undervalued NASDAQ Stocks to Buy According to Hedge Funds,Positive
Has Tesla stock hit bottom? Here’s what the options market is saying.,Neutral
"Dow Jones Futures: Stock Market On Cusp Of Bullish Signal, What You Should Do Now",Neutral
Add Australia to the list of countries where Tesla sales are sliding,Neutral
The stock-market selloff isn’t over yet. Here are 4 reasons why.,Neutral
"On the anniversary of the dot-com bubble bursting, is history repeating itself?",Neutral
Why investors who fear a recession and the end of ‘American exceptionalism’ may be overreacting,Neutral
Opera (NasdaqGS:OPRA) Launches AI-Driven Browser Operator Transforming User Experience and Privacy,Neutral
Stock Market Volatility: Should We Really Keep Calm and Carry On?,Positive
Rigetti Computing (NasdaqCM:RGTI) Soars 57% Following US$35M Private Placement Announcement,Neutral
Fed Pauses Interest Rate Cuts. Where Do Mortgage Rates Go From Here?,Neutral
Analyst Says Pfizer (PFE) Stock Will ‘Move Too Fast to Catch’,Positive
Why The AI Industry Is Largely Unmoved By Trump’s Tariff Threats,Positive
Trade Desk (NasdaqGM:TTD) Drops 10% After Securities Fraud Class Action Lawsuit News,Positive
Competitors are circling Southwest after the airline announced it's going to start charging for checked bags,Neutral
"Robinhood Gets Into the Betting Business, Launches Prediction Market",Neutral
Dealmaking slumps over Trump's tariff turmoil. 'It's almost as bad as Covid.',Negative
Even AMD is surprised by how fast it’s gaining on Nvidia,Positive
"6 Reasons Home Prices Won't Go Down, According to This Realtor",Negative
U.S. stocks bounced back on tariff relief. How to protect your portfolio from more volatility.,Positive
"China's capital city is making AI education mandatory, even for elementary schoolers",Positive
Hudson River Trading has quietly built a $8 billion global powerhouse,Neutral
Nvidia stock trades below 200-day moving average: What that means,Negative
Anthropic's product chief said DeepSeek had 'almost no impact' on the $61.5 billion company's strategy,Neutral
Canopy Growth’s stock falls to all-time low on pot company’s share-sale plans,Neutral
Is Ares Capital Stock Worth Buying to Earn 8.25% Dividend Yield?,Positive
This is why AST SpaceMobile’s stock is skyrocketing again,Neutral
4 Best Cars To Buy During Trump’s 1-Month Tariff Break for Vehicles,Positive
"AMD Radeon RX 9070 XT Is So Good, It May Help You Forget About Multi-Frame Gen",Positive
Pressure is ramping up in Big Tech. Employees told BI how they feel about it.,Neutral
"Stock market today: Dow, S&P 500, Nasdaq futures divert after tough week as Bessent dismisses sell-off",Negative
Warren Buffett is now richer than Bill Gates after $18 billion wealth gain this year,Neutral
The Nasdaq is on track for a correction as the tariff-induced stock-market selloff continues. Watch these levels.,Neutral
4 Fidelity Mutual Funds to Buy Amid Market Uncertainty,Neutral
"Wow, have you seen the stock market lately?",Negative
Tesla (NasdaqGS:TSLA) Climbs 13% On Rumors Of Potential Deal With Nissan,Neutral
Rigetti Computing (NasdaqCM:RGTI) Skyrockets 109% Despite US$153 Million Net Loss,Neutral
"This Week's Mortgage Rate Predictions, March 10-16, 2025",Neutral
The weird economy has finally come for travel — just in time to screw up your summer plans,Negative
6 falling Tesla sales numbers that should worry Elon Musk,Neutral
Microsoft's 1986 IPO,Neutral
"Is The Trade Desk, Inc. (TTD) the Best Growth Stock to Invest In According to Analysts?",Positive
"Roomba-Maker Warns Investors It Could Die, Stock Craters",Neutral
D-WAVE QUANTUM Stock Rises 62% Post Q4 Results: To Buy or Not to Buy?,Neutral
